,precision,recall,f1-score,support
No Churn,0.9001233045622689,0.9165097300690521,0.9082426127527217,1593.0
Churn,0.6481481481481481,0.601965601965602,0.6242038216560509,407.0
accuracy,0.8525,0.8525,0.8525,0.8525
macro avg,0.7741357263552084,0.759237666017327,0.7662232172043864,2000.0
weighted avg,0.8488463602319952,0.8525,0.8504407187645493,2000.0
