fold,accuracy,f1_macro
1,0.8465,0.8440526275045049
2,0.8415,0.837466048428645
3,0.8465,0.8454187896538902
4,0.8565,0.8549279735919717
5,0.8625,0.85928661646458
