fold,accuracy,f1_macro
1,0.84625,0.8455356413845392
2,0.853125,0.8543416334667249
3,0.85625,0.8555821037335123
4,0.83875,0.8360085702341138
5,0.834375,0.8333098546685126
